iter	likelihood	#indels	#substs	rs07:mean_length	rs07:rate	P1/#indels	P1/#substs	P1/likelihood	P1/prior_A	P1/|A|	P1/|indels|	tn93:kappaPur	tn93:kappaPyr	tn93:pi[A]	tn93:pi[C]	tn93:pi[G]	tn93:pi[U]	scale	scale*|T|	|A|	|T|	|indels|	posterior	prior
0	-16962.18610549764	22	1417	37.38904841975851	0.01632531326779878	22	1417	-16962.18610549764	-309.4538547527136	157	73	1.5206189450352174	3.1719431583067887	0.0835543398998562	0.4282236507613509	0.0025447425963400893	0.4856772667424529	0.008365772878720175	0.010827074074161764	157	1.2942108554850138	73	-17214.29083570305	-252.10473020541068
1	-4283.920598482431	149	290	30.933292615941873	0.029691683196902956	149	290	-4283.920598482431	-1436.4486499345546	1732	3692	1.463557546484998	0.010821379117091154	0.03187938160846427	0.163384752877622	0.6194302195882113	0.18530564592570248	1.3035722904729468	2.06608381363532	1732	1.5849399597821519	3692	-5912.415974243082	-1628.4953757606513
2	-3137.191742035677	89	666	15.027868195035545	0.06408378390468664	89	666	-3137.191742035677	-795.708350072334	555	992	1.4301908930597598	7.194570369259977	0.3281510286647039	0.10615234700818574	0.40244864015147946	0.16324798417563105	6.164521549870715	6.8647049237298825	555	1.1135827603480195	992	-3926.497312193473	-789.3055701577961
3	-3025.4321584628096	91	651	7.448545454496013	0.06146833135660661	91	651	-3025.4321584628096	-726.2230981287124	488	634	1.4991635718382823	4.097974627362235	0.3078227403120773	0.09957642515881264	0.37751776598231457	0.21508306854679551	6.931766052551131	6.881203866236101	488	0.9927057281028084	634	-3732.5204807718032	-707.0883223089937
4	-2961.2302098769787	92	683	7.174431859630707	0.05106317942633021	92	683	-2961.2302098769787	-728.7302955626949	403	526	1.428953677982079	2.6599372891511384	0.23592542016068807	0.19196352936692324	0.33798061790439465	0.23413043256799396	9.800334661677557	8.265408384701951	403	0.8433802181289116	526	-3659.410482217098	-698.1802723401194
5	-2954.432875636707	97	695	5.8411059749855685	0.06744203262626942	97	695	-2954.432875636707	-735.7138319017688	343	430	1.807235809405048	2.95251304266685	0.22339666905598032	0.19080065842835042	0.34606908757209376	0.2397335849435754	8.69224893523804	8.531527950545703	343	0.9815098502252071	430	-3664.8325014141305	-710.3996257774232
6	-2947.983780359942	73	740	5.865679914540793	0.03990777512059612	73	740	-2947.983780359942	-590.4642747304222	271	293	1.4919366484084011	2.4842601911357427	0.20756074578993833	0.2718371935903897	0.307551140613792	0.21305092000587994	6.869287993342737	8.548960125852828	271	1.2445191021453634	293	-3526.2799552346855	-578.2961748747433
7	-2911.5511758218063	77	723	3.5572238359682875	0.05216938446354484	77	723	-2911.5511758218063	-606.1820185336543	282	296	1.7409658480117192	2.5904054073172373	0.21673215184518288	0.2838487580788829	0.27695417181917653	0.22246491825675765	7.468872538078547	8.866992726632935	282	1.1871929372775278	296	-3501.291136100908	-589.7399602791015
8	-2927.2741968521905	79	720	3.2653346444497315	0.030427367393224714	79	720	-2927.2741968521905	-597.5693249329806	253	241	1.7886880323071381	2.8818982318529316	0.2048126466387315	0.28791753336821874	0.28201595885832853	0.2252538611347212	6.957610290258424	8.973948916668881	253	1.2898033293462265	241	-3513.440230924908	-586.1660340727175
9	-2909.189219123809	65	727	3.131732726110309	0.04213513408331799	65	727	-2909.189219123809	-520.583061576827	232	197	1.7794855833111367	2.76121748527439	0.19751727578421469	0.2905590054345943	0.2846032874898353	0.22732043129135582	8.149376639625999	8.316350142892928	232	1.0204891135421361	197	-3411.6179894660763	-502.42877034226717
10	-2879.2173985236973	69	719	3.1565171667433463	0.036930065158530714	69	719	-2879.2173985236973	-518.7882131731832	222	190	1.4619658652679186	2.128416176345111	0.1984675190008962	0.27977567317433516	0.27404098601590704	0.24771582180886162	5.235054568814341	7.477989578192149	222	1.4284453924776945	190	-3394.1529377560823	-514.9355392323852
11	-2857.3114021540896	77	716	2.6244273410144787	0.04183529097077069	77	716	-2857.3114021540896	-550.6426053322657	207	172	1.6327826144315287	2.273039034815415	0.19607469594084662	0.2632940543875162	0.29590201294101554	0.24472923673062166	6.907745450651989	7.770586931482061	207	1.1249092756810593	172	-3391.5812335517585	-534.2698313976689
12	-2846.8523328185015	76	701	2.315940194342127	0.03960037872222067	76	701	-2846.8523328185015	-562.8860714508346	214	195	1.683983357925425	2.3841576926489947	0.22008157612606097	0.29553109949336376	0.24712171480005637	0.23726560958051895	7.654068134109564	8.095237136846814	214	1.0576384995544037	195	-3388.2496716970745	-541.3973388785731
13	-2842.7387151418297	70	707	2.663300940822958	0.03542980603017708	70	707	-2842.7387151418297	-523.9115966785785	206	179	1.7143642682426716	2.449529276850532	0.22095038881565832	0.295201884076019	0.24684642641716767	0.237001300691155	8.635346895087926	7.7890759447853775	206	0.9019991946375732	179	-3340.6925816155695	-497.9538664737396
14	-2882.244658040901	56	724	2.428835106571827	0.03240140191402582	56	724	-2882.244658040901	-441.4698171927326	190	144	1.558239716504452	2.421392026114568	0.22652649706483924	0.28840908999040127	0.2535166717342886	0.2315477412104709	5.928984704787919	8.08441681869091	190	1.3635415203824668	144	-3317.9846329205047	-435.7399748796038
15	-2830.576504732313	60	715	3.0562558008916554	0.0295656047460847	60	715	-2830.576504732313	-471.23538175708904	189	152	1.5764333661393797	2.154219758317844	0.22652649706483924	0.28840908999040127	0.2535166717342886	0.2315477412104709	6.47830937310217	8.22170917711134	189	1.2691133911028911	152	-3292.6566621926677	-462.0801574603547
16	-2826.6049191152642	60	716	2.578817712502876	0.02959281971779042	60	716	-2826.6049191152642	-451.90269385856493	175	144	1.5347946373954509	2.4443264892369387	0.24419828620211279	0.232896447201903	0.27329401886021615	0.249611247735768	5.633481473816833	7.611712440881255	175	1.3511560260309365	144	-3263.4465934414848	-436.8416743262205
17	-2837.7230104912123	60	720	2.387795000270045	0.03110944978960058	60	720	-2837.7230104912123	-451.3280016727685	173	128	1.2356726468244987	2.3054435436904632	0.24826188111266384	0.23677197324368604	0.27784178289818845	0.23712436274546167	7.3847897634675865	7.255221866381592	173	0.9824547615794068	128	-3261.990984162894	-424.26797367168166
18	-2854.456270655918	61	735	1.7808735039578356	0.025159955581122693	61	735	-2854.456270655918	-455.366439529738	168	125	1.3080663343334589	2.412460080151208	0.2396108856281765	0.25527227017659004	0.25712144955007016	0.24799539464516343	6.236182019239616	8.387681056842117	168	1.3450026043121872	125	-3296.10127390585	-441.6450032499318
19	-2811.159337081033	60	710	1.750608701694321	0.03206051681992442	60	710	-2811.159337081033	-432.6250015687047	157	109	1.1535276567487938	2.455061020436644	0.22933992996292527	0.24584972368303354	0.2859688959842016	0.2388414503698395	7.334480789263818	7.548997443165351	157	1.0292476945628573	109	-3221.63164560217	-410.472308521137
20	-2795.136651494316	71	704	1.8261008825722214	0.03808041136224144	71	704	-2795.136651494316	-491.3063841209795	165	126	1.4400736700028403	2.180921233528036	0.2383733270849318	0.2555334197874295	0.24550693006836338	0.26058632305927526	9.48040685277119	7.6517377732623295	165	0.8071106959956758	126	-3251.764833584357	-456.6281820900406
21	-2832.9581105066445	67	723	1.8452298740101467	0.0271641099880691	67	723	-2832.9581105066445	-473.89741634224777	166	123	1.3451632178085868	2.21398159151595	0.21498206180672713	0.27668409102859187	0.24659384707459542	0.26174000009008547	7.905491441733971	8.149921237328524	166	1.0309189880725418	123	-3279.7795251302578	-446.82141462361346
22	-2839.3879612517453	57	715	2.0442441969188074	0.027415733148742842	57	715	-2839.3879612517453	-414.98914908970505	157	105	1.395416188070965	2.2368724051812543	0.20804243550576376	0.26775272169003583	0.27091381642556933	0.25329102637863105	8.043967781982586	7.751804753912122	157	0.9636792394016209	105	-3230.049628300989	-390.6616670492434
23	-2820.907511958821	59	718	2.013392039509163	0.02842348336889464	59	718	-2820.907511958821	-430.79662415923053	158	112	1.4764591427184688	2.6135485412668604	0.2171008647602034	0.23586975439443797	0.28270974466576376	0.26431963617959475	5.89521032539586	7.977353974812864	158	1.3531924281729828	112	-3235.423728258367	-414.51621629954604
24	-2833.741594129134	60	715	2.1026671486506308	0.027255393601076056	60	715	-2833.741594129134	-436.10382257925875	159	111	1.0937764532501288	2.607417294786754	0.2477522487621849	0.23759574993509622	0.32262411789695195	0.1920278834057669	5.607189698727952	7.713054039090319	159	1.3755650251747509	111	-3257.7271606345853	-423.98556650545146
25	-2813.201286413662	55	705	2.452942252717998	0.025128778644599507	55	705	-2813.201286413662	-419.9837526464669	165	121	1.2432352586153994	2.309149762724939	0.2477522487621849	0.23759574993509622	0.32262411789695195	0.1920278834057669	7.861634206350401	7.874000837497528	165	1.001573035684761	121	-3199.9883543974474	-386.7870679837857
26	-2840.309748563501	59	726	1.9213269264848787	0.033460564499878845	59	726	-2840.309748563501	-422.54228610546994	160	108	1.0679360112138396	2.5626388365180617	0.2727611947449166	0.26157946473704397	0.2542475161500135	0.21141182436802602	8.391257482391488	7.880062792746112	160	0.9390800853485803	108	-3230.3304292935227	-390.0206807300216
27	-2855.9874341060918	59	724	1.8046839393411245	0.026571118672921477	59	724	-2855.9874341060918	-432.1753641606118	160	109	1.1066397114801334	2.549399848867787	0.2544772032312084	0.26815600696616065	0.2606397210132258	0.2167270687894052	7.567958186436495	8.604928959435279	160	1.1370212080263964	109	-3261.282720300041	-405.2952861939493
28	-2829.560839797081	55	715	2.4246879453115953	0.03369004971083916	55	715	-2829.560839797081	-411.41013186841064	160	111	1.3321117566454845	2.4171824311274808	0.2432191122463205	0.27220541328566383	0.2645756243902391	0.21999985007777656	6.653127637564243	7.938734565347899	160	1.1932334681999768	111	-3218.5608964008998	-389.00005660381885
29	-2829.2883104365974	54	716	2.227938885740703	0.029853045096897665	54	716	-2829.2883104365974	-398.9591294102227	155	103	1.2511176549962844	2.5999785318123005	0.23918871295053462	0.26769468016159687	0.26019132498064096	0.2329252819072275	6.10991480416066	7.520199294993649	155	1.2308190107450647	103	-3205.7120878894566	-376.42377745285927
30	-2826.816745917456	57	712	1.9143014275288608	0.03286285869424468	57	712	-2826.816745917456	-421.7466053889639	162	116	1.3097451748705555	2.116019479873554	0.2409984182220984	0.2724663659725531	0.24945801626561984	0.23707719953972867	6.942451714621536	7.906615203401529	162	1.138879394256263	116	-3220.289511177218	-393.47276525976224
31	-2817.8468373255864	62	712	2.0846292638726833	0.034761651685591824	62	712	-2817.8468373255864	-448.3534039829133	163	119	1.443044152123031	2.4334163977753356	0.24458961126286768	0.23503224574157597	0.2851877884216967	0.2351903545738596	6.703028434756872	7.511775002603875	163	1.1206539067704757	119	-3235.086393890154	-417.2395565645675
32	-2824.1886273131267	58	718	1.8938566082676849	0.038933724001923756	58	718	-2824.1886273131267	-438.6295238710103	162	116	1.5162766537509154	2.2876151579179416	0.24458961126286768	0.23503224574157597	0.2851877884216967	0.2351903545738596	6.432857244600953	7.2527423016732095	162	1.1274527050573646	116	-3235.9166200417603	-411.7279927286337
33	-2838.7575469911517	59	729	1.7370711461565358	0.038662130811907114	59	729	-2838.7575469911517	-426.31991952291213	158	109	1.3736353677074562	2.6477288566902843	0.23811591592409248	0.2370464186685101	0.2876317829498466	0.23720588245755075	8.279633194039402	7.627304152661354	158	0.9212128090592628	109	-3229.9577113837004	-391.2001643925485
34	-2803.2226260190823	67	704	1.6660999090272512	0.03790592160338197	67	704	-2803.2226260190823	-479.03199120855834	167	121	1.5137008322974765	2.478064183070761	0.24252621175099906	0.23567423508719154	0.28596677736888865	0.23583277579292067	5.683419359509383	7.505894355156473	167	1.3206652334386977	121	-3263.8331651427266	-460.6105391236441
35	-2826.3974703906238	67	706	1.763576094944797	0.035325752205520373	67	706	-2826.3974703906238	-463.04653563907465	164	112	1.4646811294400328	2.8467079581194095	0.25133208865305834	0.2329344461527624	0.2826423214224854	0.23309114377169396	5.559997249183456	7.612301161621271	164	1.3691195913341894	112	-3272.071712879103	-445.6742424884791
36	-2831.4023739230297	62	710	1.9767825045613274	0.036846083032750096	62	710	-2831.4023739230297	-445.3980570833101	168	120	1.4044438057179143	2.6156755983395814	0.25907355852133007	0.24010923631122644	0.2913482014655665	0.20946900370187704	7.749273223063919	7.639729732330789	168	0.9858640303961539	120	-3235.58673282964	-404.1843589066101
37	-2818.925021873727	64	712	1.78877540049261	0.03557339365436475	64	712	-2818.925021873727	-453.4112207103841	166	117	1.4435749053801057	2.425419432507312	0.2563810172421124	0.23761379048503192	0.29871319166771687	0.20729200060513892	4.708170550130813	7.084027996422098	166	1.5046243378386692	117	-3253.8542702440996	-434.9292483703724
38	-2844.544778264989	60	716	1.8235549560119817	0.034875887081958434	60	716	-2844.544778264989	-430.13742432881855	160	110	1.4341433498082379	2.973496456723535	0.2567704445065372	0.23645577192655848	0.2991669189456959	0.2076068646212083	7.470151103204509	7.394889101979716	160	0.9899249693634031	110	-3244.452874938143	-399.9080966731541
39	-2831.512926195376	57	711	1.98139677560826	0.02774708971742884	57	711	-2831.512926195376	-417.2497119931945	160	109	1.4395888052454178	3.1178575129908332	0.25702938157191324	0.23669422290479142	0.2994686102256182	0.20680778529767704	9.404975685894986	7.540036204277695	160	0.8017071448239665	109	-3209.576419909254	-378.0634937138781
40	-2830.3854727270154	60	709	2.2800436006501346	0.03618838165379484	60	709	-2830.3854727270154	-443.2362330172976	164	118	1.2473782513085854	3.0007296184301344	0.2595397735567657	0.2367613176353248	0.29794399566456653	0.20575491314334293	7.214820247355574	7.442493353304529	164	1.0315563102258027	118	-3248.0414718170296	-417.65599909001435
41	-2835.7098121916256	62	717	1.918697495142256	0.03005039895557122	62	717	-2835.7098121916256	-447.3182733516717	166	120	1.3641163124385138	3.202942208230189	0.2551917827081852	0.25571759407067335	0.28930301808565617	0.19978760513548527	7.7065117083242445	8.179684332469588	166	1.0613990664069508	120	-3253.5961108529727	-417.8862986613469
42	-2856.9476948324586	61	719	1.9061496245666145	0.03127169324805472	61	719	-2856.9476948324586	-433.7441071071411	163	112	1.192880819561602	2.356977946447513	0.2434968559049659	0.25553483378790637	0.29632881363091074	0.2046394966762171	6.314054564407337	7.835726052712878	163	1.240997519546835	112	-3270.280152495819	-413.33245766336057
43	-2818.0543503690087	59	705	1.9737165018013496	0.03658057936105127	59	705	-2818.0543503690087	-437.905544686013	165	116	1.1889970306781432	2.5172459911817384	0.24615180544068088	0.24741761420392044	0.29955981241832597	0.20687076793707276	6.740427754652513	7.807653678907662	165	1.1583320767021805	116	-3234.349579493892	-416.2952291248835
44	-2837.430747798835	59	712	2.001717613599989	0.032369412856632744	59	712	-2837.430747798835	-419.2129821265476	158	103	1.2484153914351408	2.7394958845402297	0.24615180544068088	0.24741761420392044	0.29955981241832597	0.20687076793707276	6.781720582255351	7.737743802586395	158	1.1409706001206417	103	-3227.9814234357495	-390.5506756369145
45	-2848.4774396099083	63	725	1.669368372854862	0.031115840282986817	63	725	-2848.4774396099083	-439.4149108291349	160	107	1.0974423413526484	2.459764851995553	0.267397625995231	0.2013843570258951	0.3092733178269456	0.22194469915192833	5.750328937355386	7.703375113735545	160	1.3396407749290213	107	-3268.1065065623875	-419.6290669524793
46	-2842.283869530865	58	720	2.1864509486908146	0.028776341881543734	58	720	-2842.283869530865	-422.9800412170166	161	108	1.3978362062001153	2.554701599521405	0.2771621013056098	0.20268858165305578	0.31127626325721913	0.2088730537841153	6.18270837880647	7.629871414983034	161	1.2340661968041795	108	-3239.0388353118274	-396.75496578096227
47	-2839.574289601097	61	725	1.895779512095555	0.03056859534576691	61	725	-2839.574289601097	-433.19869823300684	158	106	1.007903660149508	2.3365408967027173	0.259479912776365	0.23618621379532953	0.2665572904665042	0.23777658296180124	5.742797321983766	7.713338114515967	158	1.3431325679889232	106	-3251.6791766364177	-412.1048870353205
48	-2828.2149762754316	63	712	1.653596223423476	0.03303321476606487	63	712	-2828.2149762754316	-447.01008190708944	162	110	1.114374588682086	2.154391834484482	0.259479912776365	0.23618621379532953	0.2665572904665042	0.23777658296180124	6.482943822515956	7.7167199825503685	162	1.1903110984471863	110	-3247.986356763829	-419.77138048839726
49	-2789.071682432467	69	699	2.0240286395188942	0.03037305730095401	69	699	-2789.071682432467	-485.412931240251	167	121	1.3500521124798777	2.2722112771160363	0.26273133225313294	0.24552975151551198	0.2698973931997907	0.22184152303156435	6.739912771461378	7.6686537885032795	167	1.137797186482063	121	-3246.801825702191	-457.730143269724
50	-2831.572068218346	56	711	1.636145512111871	0.03498753144258992	56	711	-2831.572068218346	-410.9947215790553	156	99	1.5666263821980262	2.7693079981031627	0.2483771341603593	0.25049019203425904	0.2750532810050742	0.22607939280030742	7.6292458588328325	7.998389153489603	156	1.0483852927913433	99	-3210.4203582631458	-378.8482900447998
51	-2827.150519069839	58	711	1.7081028832272218	0.02404816153523365	58	711	-2827.150519069839	-429.92461630269236	159	105	1.1633638046714567	2.007885694788453	0.2483771341603593	0.25049019203425904	0.2750532810050742	0.22607939280030742	6.3216985765851215	7.778639490182977	159	1.2304666848549541	105	-3228.4758035500176	-401.32528448017854
52	-2836.451949316026	59	717	1.8914220388447371	0.03369000344582766	59	717	-2836.451949316026	-431.1968980697631	159	107	1.2397124677266673	1.9884048162717223	0.23321547258633796	0.2490810209441567	0.29289595805485963	0.22480754841464579	8.124780088632425	7.125089895846849	159	0.8769578767818877	107	-3225.5995286737502	-389.1475793577244
53	-2833.682990912597	58	708	2.457875691459122	0.03575592400585254	58	708	-2833.682990912597	-434.6254716395635	164	114	1.2976191914206188	1.9577985930849802	0.23321547258633796	0.2490810209441567	0.29289595805485963	0.22480754841464579	5.6958536898426155	7.884672595780962	164	1.3842828529534834	114	-3245.640240735185	-411.95724982258855
54	-2834.1867116653743	56	711	2.487739580256659	0.04153386580955	56	711	-2834.1867116653743	-420.0563406268796	164	113	1.3766664111242652	2.371791782542235	0.219834108562285	0.2534278011589046	0.2980073645788353	0.22873072569997516	7.112796037110355	7.678427192862771	164	1.0795230388726582	113	-3216.4217399235126	-382.23502825813824
55	-2843.5377548142023	54	721	2.1842637850402653	0.024039360714152344	54	721	-2843.5377548142023	-405.15422328669246	163	108	1.6509051399339287	2.410143362881255	0.21241863893506996	0.2786112610925605	0.2879549456199519	0.22101515435241761	7.057922090360849	7.405266870539565	163	1.0492134619413116	108	-3210.324332246418	-366.78657743221584
56	-2840.4230116659883	55	720	2.1912550106929456	0.024139769256863626	55	720	-2840.4230116659883	-415.4818897724213	164	112	1.6522240472413208	2.434238103612284	0.21241863893506996	0.2786112610925605	0.2879549456199519	0.22101515435241761	6.4521384385923195	8.056715368762367	164	1.2486891664587596	112	-3223.3135465295895	-382.89053486360126
57	-2839.611008834701	50	715	2.3641425264630405	0.024028827109427695	50	715	-2839.611008834701	-382.3114411567301	155	97	1.3582400466764628	2.8688337497416043	0.22680648306483825	0.2735214816798308	0.2826944721263008	0.21697756312903022	13.576069182694447	8.972620179574005	155	0.6609144413473891	97	-3172.7256795098747	-333.1146706751738
58	-2849.240765581751	55	731	1.7353525450626919	0.027723575230252113	55	731	-2849.240765581751	-418.2880044148161	158	108	1.4150974397900689	2.6459644309346086	0.23202760513791515	0.2282649265170066	0.32434311324287785	0.2153643551022004	10.64381553836096	7.735991134716816	158	0.7268062009188183	108	-3222.622878331694	-373.3821127499431
59	-2827.633134158882	58	722	1.733877818739432	0.030142059137332356	58	722	-2827.633134158882	-430.1676737997536	158	107	1.1007547039110575	1.9811971950241063	0.2506353671394631	0.24657093550849976	0.27015791171907466	0.23263578563296253	7.963831245009579	7.071376690436217	158	0.8879365311598478	107	-3218.22408553931	-390.5909513804279
60	-2830.150671952685	61	715	2.00794300316191	0.02732427682758885	61	715	-2830.150671952685	-453.5233936977925	167	125	1.2783236516241319	2.0393634738797255	0.26468193595178574	0.22806974658357426	0.2754465787224731	0.23180173874216697	6.479954265080585	7.779395190732298	167	1.2005324223743656	125	-3257.5515139747486	-427.40084202206344
61	-2825.1972814862293	57	713	2.015585935040006	0.031775647290181494	57	713	-2825.1972814862293	-423.8575584688613	155	105	1.1785524916027805	2.1570451037995126	0.26468193595178574	0.22806974658357426	0.2754465787224731	0.23180173874216697	10.095075187455791	7.691567569492121	155	0.761912856186521	105	-3202.225026639365	-377.0277451531354
62	-2850.244451248919	57	726	1.901520172128625	0.02871655884612605	57	726	-2850.244451248919	-409.9276360673012	154	101	1.4216252340767301	2.2287968753217187	0.25443298371884254	0.2579602499380224	0.26478080050114217	0.22282596584199288	9.57370140878289	7.6905770102480675	154	0.803302367796091	101	-3211.4059087513124	-361.16145750239326
63	-2795.7613376337977	68	697	1.8346908884964683	0.03149325987799363	68	697	-2795.7613376337977	-483.10587799421734	165	122	1.5744481818124567	2.6272863727577263	0.2658866729506106	0.2509702628334973	0.2535381739580039	0.22960489025788822	6.945062883032029	7.576565943470091	165	1.0909283430652488	122	-3246.8102923584397	-451.04895472464193
64	-2815.983381427341	63	704	1.6917066147344297	0.03723962517903516	63	704	-2815.983381427341	-454.57029942562053	162	115	1.6714955990161429	2.408430166030255	0.2681858982768187	0.26294745220361043	0.23727627660155617	0.23159037291801476	8.670285117145434	7.8110499239091045	162	0.9008988537715792	115	-3226.1356345372583	-410.15225310991735
65	-2817.152423321569	63	705	1.810711178080929	0.03600578532333873	63	705	-2817.152423321569	-453.35348893745976	161	114	1.2023175340782237	2.6320286900391148	0.25787550346216687	0.2528384492129772	0.26866177754631976	0.22062426977853622	7.4838610375745205	8.118860554091043	161	1.0848491859119718	114	-3239.0041746530187	-421.8517513314497
66	-2819.2798811772336	59	718	1.8311523008900834	0.03481911732484848	59	718	-2819.2798811772336	-426.99053302501625	155	106	1.2913850110323348	2.4744443869718076	0.26152482961293205	0.2422649897353368	0.2724637456950884	0.2237464349566428	8.312730534169448	7.607258970692362	155	0.9151335941208188	106	-3208.1307796963642	-388.8508985191305
67	-2811.8549406712664	62	709	2.122570353647375	0.032908421450681964	62	709	-2811.8549406712664	-444.35788406250333	162	119	1.2928799024754225	2.263169698033674	0.23659981857778542	0.25273514826394994	0.2772487707669301	0.23341626239133456	4.6186388728323315	7.547915584783719	162	1.634229432654266	119	-3232.6734795434186	-420.8185388721523
68	-2835.6271822660647	61	720	1.660864957576573	0.0363738917506873	61	720	-2835.6271822660647	-431.0885680296872	159	110	1.1806202057564341	2.355342171461586	0.25100014808010535	0.24625472086496297	0.2729489206104324	0.22979621044449933	8.445029077283044	7.550249940112016	159	0.8940466481544788	110	-3217.403582124139	-381.77639985807457
69	-2859.2139870229253	56	734	1.6449570942139107	0.02899544678017534	56	734	-2859.2139870229253	-402.35153038652203	156	99	1.2306857732227174	2.520946303268299	0.2591115465320968	0.24501833889242794	0.26722765213203964	0.22864246244343567	6.39349961470447	8.033431672775995	156	1.2564999072338772	99	-3225.61001898117	-366.39603195824463
70	-2850.716956246005	64	726	1.6982335737440912	0.02942844967215422	64	726	-2850.716956246005	-444.7911208215796	160	108	1.885017403464775	2.5408851620016266	0.2234793062407289	0.2568022346817892	0.28007968116380183	0.23963877791368005	5.710786443711311	8.064810673584416	160	1.4122066641916446	108	-3267.6522964838277	-416.93534023782297
71	-2842.4412638181193	59	714	1.7557537231736549	0.0262470052617231	59	714	-2842.4412638181193	-426.5405077342093	162	105	1.8343903609053536	2.4840417349181205	0.2315003707631059	0.26644140549294093	0.2905925798962296	0.2114656438477237	5.261543016879448	7.8744288836311975	162	1.4966006850783895	105	-3244.8120792996983	-402.37081548157914
72	-2826.0995860947833	59	722	1.9642691096925398	0.026122513473733466	59	722	-2826.0995860947833	-431.5827069471026	159	105	1.3744045318910945	2.6241003660897744	0.2266869981388509	0.26090153632149965	0.2845505577419089	0.22786090779774062	5.390399672326557	7.741028563523163	159	1.4360769208384225	105	-3230.4746210072967	-404.3750349125133
73	-2806.3006105064283	69	699	1.7147566368275409	0.03251322738256602	69	699	-2806.3006105064283	-482.03087715696023	166	118	1.489274878944666	2.4873780742527685	0.2275590034035985	0.261905155916452	0.2836280271744271	0.2269078135055223	7.495080301434588	7.761564462542697	166	1.035554543832853	118	-3246.6880234264563	-440.3874129200278
74	-2824.9615500999857	63	711	1.680119092816565	0.03603623250895488	63	711	-2824.9615500999857	-447.93548230681216	164	108	1.5134180742080399	2.3205067436073863	0.2275590034035985	0.261905155916452	0.2836280271744271	0.2269078135055223	6.214041740927513	7.50534499861955	164	1.207804084930285	108	-3241.2716522457895	-416.3101021458037
75	-2807.149491399199	66	708	1.7238273910542943	0.037655121853629285	66	708	-2807.149491399199	-477.0842965822046	168	117	1.4273775202785457	2.0736555172127047	0.24882198097896463	0.24484566925099713	0.26515359687693835	0.2411787528931	6.050906165492073	7.47601512121251	168	1.2355199232550889	117	-3256.393979116407	-449.2444877172081
76	-2808.6463019448606	61	712	1.8058821561363738	0.03414430430941585	61	712	-2808.6463019448606	-443.24869520590255	161	104	1.1308379700808169	2.2493864159434405	0.2617999187152717	0.22456003811535663	0.2689804532699519	0.24465958989941966	5.459413564180092	7.271664150337971	161	1.3319496800990287	104	-3228.7495753962326	-420.10327345137176
77	-2810.5109454498147	68	711	1.7423425578054048	0.0369202163909637	68	711	-2810.5109454498147	-476.5084606675467	164	112	1.2210201720568292	2.3188156747387896	0.25719975238878534	0.24743384013646227	0.2594110069672464	0.23595540050750596	8.083398229211493	7.898572598785554	164	0.9771351571226539	112	-3244.5490556576897	-434.03811020787515
78	-2787.5906644035385	66	699	1.9429952940815438	0.03629611275091558	66	699	-2787.5906644035385	-470.7085505988407	164	113	1.2391669612573941	2.211197236372775	0.24263285574000854	0.2695779411533481	0.2554430144157371	0.23234618869090637	7.8307403118442664	7.514870213128755	164	0.9596628050303562	113	-3215.8407131788845	-428.2500487753458
79	-2808.6249469238037	63	703	2.0661085255430347	0.031246095590321044	63	703	-2808.6249469238037	-461.4944058551182	167	119	1.2938354171740196	2.415950565038765	0.24487553575105503	0.2720696773124918	0.2578041000182801	0.225250686918173	6.7174125460492675	7.834532749414161	167	1.1663021581162094	119	-3235.698920992571	-427.0739740687672
80	-2813.8546280089113	59	708	1.8549811937466245	0.03415452837688998	59	708	-2813.8546280089113	-441.2555343859614	165	112	1.5312180514613658	2.251210786075891	0.24487553575105503	0.2720696773124918	0.2578041000182801	0.225250686918173	6.4104264988217805	7.802188613879965	165	1.2171091292153473	112	-3225.8877382899	-412.0331102809889
81	-2818.093167544325	66	717	1.7534284169041234	0.034702563073371225	66	717	-2818.093167544325	-468.9517422669145	165	120	1.2611005379491194	2.3701458022232336	0.24299675076350036	0.26998224777921576	0.2634985296820415	0.22352247177524232	8.438483919888517	7.8935852120095	165	0.9354269424398908	120	-3243.5917581021545	-425.4985905578296
82	-2800.3858551718363	63	704	1.7853105104312743	0.029795696887632745	63	704	-2800.3858551718363	-454.4665936041203	155	107	1.2412710486670133	2.448419424511167	0.2399332749945707	0.26657856410231856	0.2727836514007927	0.22070450950231807	7.638832587928216	7.954812167186248	155	1.041364904338574	107	-3214.756666327992	-414.37081115615615
83	-2829.2232176300313	61	721	1.655276824646482	0.029036509590434925	61	721	-2829.2232176300313	-433.9844910420627	153	103	1.243840030541798	2.51951522195256	0.24478714616114294	0.2719714718011434	0.27830208855910915	0.20493929347860457	7.242557326091529	8.004203258209037	153	1.105162568665305	103	-3229.54510811201	-400.32189048197847
84	-2851.1267321738	54	732	1.7389871565841353	0.03205557885941255	54	732	-2851.1267321738	-399.7450691605793	152	99	1.028600524226875	2.5888196927603153	0.2581462933655796	0.23223964588723126	0.29349029850668473	0.21612376224050445	7.772392622139965	8.003807815781805	152	1.0297739968748676	99	-3219.1319873741645	-368.00525520036445
85	-2824.1163478982157	51	725	1.792318121177267	0.024554294044351666	51	725	-2824.1163478982157	-385.82789745714615	151	94	1.3818732523280248	2.6139964352979175	0.2581462933655796	0.23223964588723126	0.29349029850668473	0.21612376224050445	5.7578775274548555	7.6137605072920325	151	1.322320676497183	94	-3181.2675327954476	-357.15118489723193
86	-2830.2447530761065	53	724	1.6799591652895418	0.028722694779908624	53	724	-2830.2447530761065	-393.89776758190334	151	101	1.2744128264648138	2.743881995644424	0.26634879066601747	0.24548824209593756	0.25970997306949467	0.22845299416855017	7.316738907887307	7.547811515651054	151	1.03158136577959	101	-3185.5967130894896	-355.3519600133834
87	-2822.1389408715645	53	716	2.1496000560672535	0.02348975331091643	53	716	-2822.1389408715645	-403.42082607143374	152	103	1.16710277714287	2.8451232986246544	0.2699815192832239	0.24814197759468393	0.2709295497446468	0.21094695337744526	8.48004477698771	7.900176864343867	152	0.9316197109928677	103	-3185.734678148649	-363.5957372770846
88	-2804.002056360544	56	708	2.1340040208148965	0.02432518792772847	56	708	-2804.002056360544	-412.7080874617671	155	108	1.1110944377915968	2.4032148239157403	0.2699815192832239	0.24814197759468393	0.2709295497446468	0.21094695337744526	6.962065132018024	7.607881398585532	155	1.0927621696035916	108	-3183.243479831467	-379.24142347092317
89	-2807.027602696292	68	709	1.751999179754098	0.03738967799568538	68	709	-2807.027602696292	-481.2191593456521	163	120	1.239329158372607	2.2522378501072042	0.2661835658484014	0.24943294720849987	0.2723390727104727	0.21204441423262613	5.556367227439443	7.233258261073949	163	1.3017962933323384	120	-3262.085458048517	-455.057855352225
90	-2799.5131076853518	64	707	1.7095215859656872	0.038080940196025474	64	707	-2799.5131076853518	-463.0132650559468	161	116	1.1572428945534685	2.8089376516040327	0.2661835658484014	0.24943294720849987	0.2723390727104727	0.21204441423262613	5.978466886923667	7.3565371626123275	161	1.2305056299137207	116	-3237.1324493537004	-437.61934166834857
91	-2793.333752766895	59	700	1.6542925549361651	0.036421991425535885	59	700	-2793.333752766895	-429.5396320393507	158	109	1.1521463196148383	2.495441406748368	0.2789395369455746	0.26138620005163915	0.24996250801815761	0.20971175498462857	6.354301382807028	7.555716052239319	158	1.1890710869778673	109	-3192.7270795388145	-399.3933267719193
92	-2806.696256281755	62	701	1.8454380718488022	0.03736997577325475	62	701	-2806.696256281755	-443.33598381176466	159	110	1.2622593287955604	2.5248741441822102	0.2723362311238356	0.23723230977672566	0.27147450825296293	0.21895695084647582	5.7721105423477574	7.0641499050351095	159	1.2238417565305022	110	-3221.2393459833993	-414.5430897016443
93	-2820.3128923163677	59	706	1.7757105856460424	0.03219452709405265	59	706	-2820.3128923163677	-435.3146656922393	164	110	1.2251662099125071	2.391937099841471	0.2632637862470586	0.24996308865229697	0.2624307702919451	0.22434235480869924	5.986643583518842	7.25566997025865	164	1.2119762716847586	110	-3225.405172810974	-405.09228049460637
94	-2789.460278602027	60	695	1.7836238166270064	0.029034050333990553	60	695	-2789.460278602027	-434.2917868137063	162	108	1.358315621108192	2.582644549712839	0.26450663373952105	0.24808134086112568	0.26045516451352885	0.22695686088582445	5.512220963232124	8.036416065955027	162	1.4579270532803217	108	-3203.894889742053	-414.43461114002605
95	-2826.7707353503406	57	714	1.947443241860436	0.03402417448250568	57	714	-2826.7707353503406	-424.01896255771095	157	107	1.345002812523175	3.1016337152304607	0.2670506134168306	0.22832564640664318	0.2696524755568408	0.23497126461968543	6.1659533976678045	8.096120796193192	157	1.3130363261025375	107	-3225.2055199437164	-398.4347845933755
96	-2821.2334026456483	55	714	1.649305828094492	0.02878864759928841	55	714	-2821.2334026456483	-410.1198344571909	156	102	1.3385619202434753	2.418629641476608	0.27129011741272496	0.2319503806018619	0.2580580021023448	0.23870149988306835	5.399405325802758	7.776706326959215	156	1.4402894129462325	102	-3212.621393594661	-391.38799094901276
97	-2824.645032834794	57	711	1.8047178097327388	0.033103869349417385	57	711	-2824.645032834794	-423.95287026359307	163	109	1.333710097461057	2.9859474547068903	0.26292922689390097	0.22480190148840656	0.2809239136029192	0.23134495801477326	6.348166024700384	7.396886627830436	163	1.1652005632885993	109	-3218.8334662868974	-394.1884334521032
98	-2837.500047805993	58	706	1.8744830144212048	0.034361461146672954	58	706	-2837.500047805993	-424.16396651869775	162	108	1.368134547318017	2.1966891629428473	0.23462772247147595	0.2773899571956399	0.28153915977025523	0.20644316056262885	5.904782450174716	7.184732523485964	162	1.2167649839958754	108	-3233.213632604045	-395.713584798052
99	-2826.5833451441313	57	714	1.8810843718418404	0.02410489187961407	57	714	-2826.5833451441313	-415.6389307496788	157	99	1.4113968240388381	2.4510156012733737	0.22583639719515558	0.26699636296728557	0.2709900980247356	0.2361771418128232	7.211149338597448	7.514318040740465	157	1.0420416618638468	99	-3199.3727925386493	-372.7894473945182
100	-2817.872182123404	53	705	2.000650908830451	0.02354686337092796	53	705	-2817.872182123404	-394.258540146286	159	101	1.3351794934345769	2.915995454765171	0.23875896487443368	0.27204970133792533	0.276119024296213	0.21307230949142797	5.901739376100978	8.098072678336278	159	1.3721501683265318	101	-3191.317255426937	-373.44507330353326
